,ID,順位,商品名,値段,商品URL
0,566403,1,Nintendo Switch Joy-Con(L) ネオンブルー/(R) ネオンレッド,32978,https://item.rakuten.co.jp/book/16033028/
1,566403,2,Nintendo Switch Joy-Con(L)/(R) グレー,32978,https://item.rakuten.co.jp/book/16033027/
2,566403,3,Nintendo Switch Lite ターコイズ,21978,https://item.rakuten.co.jp/book/16039046/
3,566403,4,Nintendo Switch Lite イエロー,21978,https://item.rakuten.co.jp/book/16039044/
4,566403,5,Nintendo Switch Lite コーラル,21978,https://item.rakuten.co.jp/book/16247998/
5,566403,6,【新品】新型モデル Nintendo Switch ニンテンドースイッチ 本体 Joy-Con (L) /（R)グレー,37830,https://item.rakuten.co.jp/mobileshop1/new-switch-gray/
6,566403,7,Nintendo Switch Lite グレー,21978,https://item.rakuten.co.jp/book/16039045/
7,566403,8,あす楽即納　【新品 】 Nintendo Switch HAD-S-KABAA [ネオンブルー・ネオンレッド] 2019年8月新モデル 任天堂 ニンテンドー スイッチ,37600,https://item.rakuten.co.jp/auc-worldichi/4902370542912/
8,566403,9,新型 Nintendo Switch ニンテンドースイッチ 本体 Joy-Con (L) ネオンブルー/ (R) ネオンレッド 任天堂 ゲーム機 プレゼント ギフト 家族 ファミリー [ラッピング対応],37700,https://item.rakuten.co.jp/sokutei/4902370542912/
9,566403,10,【新品】新型モデル Nintendo Switch ニンテンドースイッチ 本体 Joy-Con (L) ネオンブルー/ (R) ネオンレッド,37630,https://item.rakuten.co.jp/mobileshop1/new-switch-neoblue/
10,566403,11,[新品] 任天堂 新型Nintendo Switch JOY-CON(L) ネオンブルー/(R) ネオンレッド 4902370542912 スイッチ,37948,https://item.rakuten.co.jp/dandystore/4902370542912/
11,566403,12,【他店販売印付き・即納★新品】NSW 新型 Nintendo Switch Joy-Con(L) ネオンブルー/(R) ネオンレッド(本体)【2019年08月30日発売】,37480,https://item.rakuten.co.jp/specunion/4902370542912/
12,566403,13,[新品] マリオカート ライブ ホームサーキット マリオセット　任天堂　ニンテンドースイッチ　4902370545616,9880,https://item.rakuten.co.jp/dandystore/4902370545616/
13,566403,14,任天堂 Nintendo Switch あつまれ どうぶつの森セット【kk9n0d18p】,44329,https://item.rakuten.co.jp/giga-web/57032/
14,566403,15,【他店販売印付き・即納★新品】NSW Nintendo Switch あつまれ どうぶつの森セット(本体),44000,https://item.rakuten.co.jp/specunion/4902370545203/
15,566403,16,★11月25日最大31倍★Nintendo Switch 本体 Joy-Con(L) ネオンブルー/(R) ネオンレッド(バッテリー持続時間が長くなったモデル) 送料無料,40880,https://item.rakuten.co.jp/payoff/pk09895/
16,566403,17,★11月25日最大31倍★Nintendo Switch あつまれ どうぶつの森セット 送料無料,47280,https://item.rakuten.co.jp/payoff/pk10780/
17,566403,18,【新品】Nintendo Switch あつまれ どうぶつの森セット 本体 任天堂 ニンテンドー スイッチ 任天堂 ニンテンドー スイッチ,44400,https://item.rakuten.co.jp/auc-worldichi/4902370545203/
18,566403,19,新型 Nintendo Switch ニンテンドースイッチ 本体 Joy-Con グレー 任天堂 ゲーム機 プレゼント ギフト 家族 ファミリー [ラッピング対応可]1-2営業日,37700,https://item.rakuten.co.jp/sokutei/4902370542905/
19,566403,20,【新品】Nintendo Switch ニンテンドースイッチ リングフィット,10774,https://item.rakuten.co.jp/mobileshop1/ring-fit/
20,566403,21,・【新品未開封】ニンテンドースイッチ ライト Nintendo Switch Lite ターコイズ　[HDHSBAZAAターコイズ]【KK9N0D18P】,22200,https://item.rakuten.co.jp/uatshopping/4902370542943/
21,566403,22,【新品未開封】ニンテンドースイッチ あつまれ どうぶつの森セットNintendo Switch HAD-S-KEAGC　 [HADSKEAGC　どうぶつの森セット]【KK9N0D18P】,44400,https://item.rakuten.co.jp/uatshopping/4902370545203/
22,566403,23,Nintendo Switch Lite GRAY グレー ニンテンドースイッチ 本体 任天堂 [ラッピング対応可]NKG,23000,https://item.rakuten.co.jp/sokutei/4902370542929/
23,566403,24,【エントリー＆楽天カード決済でポイント最大12倍】[11月25日 限定]【送料無料】任天堂 Nintendo Switch Lite [コーラル] ニンテンドースイッチ ライト【新品・国内正規品】,22980,https://item.rakuten.co.jp/digimart-shop/kd0217/
24,566403,25,Nintendo Switch あつまれ どうぶつの森 セット 本体 任天堂 ニンテンドー スイッチ オンライン ギフト プレゼント 女性 あつもり ゲーム機 HAD-S-KEAGC あつもりカラー本体[ラッピング対応可],44350,https://item.rakuten.co.jp/sokutei/4902370545203/
25,566403,26,Nintendo Switch フォートナイトSpecialセット FORTNITE 本体 任天堂 ニンテンドー スイッチ オンライン ギフト プレゼント 女性 ゲーム機 [ラッピング対応可]2-3営業日,38875,https://item.rakuten.co.jp/sokutei/4902370546828/
26,566403,27,【新品特価】在庫あり　Nintendo SwitchフォートナイトSpecialセット 4902370546828 新型スイッチ,38960,https://item.rakuten.co.jp/dandystore/4902370546828/
27,566403,28,【新品】新型モデル Nintendo Switch あつまれ どうぶつの森セット HAD-S-KEAGC,44370,https://item.rakuten.co.jp/mobileshop1/new-switch-doubutsu/
28,566403,29,【新品】任天堂 Nintendo Switch Lite コーラル HDH-S-PAZAA,22770,https://item.rakuten.co.jp/mobileshop1/switch-lite-coral/
29,566403,30,(新品/店印無)任天堂 Nintendo Switch ニンテンドースイッチ Joy-Con(L)ネオンブルー/(R)ネオンレッド バッテリー長持ちタイプ HAD-S-KABAA,37650,https://item.rakuten.co.jp/game-paani/4902370542912/
