,商品名,商品url
0,【Amazon.co.jp限定】タオル研究所 [ボリュームリッチ] #003 バスタオル サンドベージュ 2枚セ…,https://www.amazon.co.jp/%E3%80%90Amazon-co-jp%E9%99%90%E5%AE%9A%E3%80%91%E3%82%BF%E3%82%AA%E3%83%AB%E7%A0%94%E7%A9%B6%E6%89%80-%E3%83%9C%E3%83%AA%E3%83%A5%E3%83%BC%E3%83%A0%E3%83%AA%E3%83%83%E3%83%81-003-%E3%82%B5%E3%83%B3%E3%83%89%E3%83%99%E3%83%BC%E3%82%B8%E3%83%A5-Technology/dp/B086WBLKTB/ref=zg_bs_kitchen_1/355-8925587-4460819?_encoding=UTF8&psc=1&refRID=R3Y4PN85CPFXWY6CWQKM
1,シャープ 加湿 空気清浄機 プラズマクラスター 7000 スタンダード 13畳 / 空気清浄 23畳 2017…,https://www.amazon.co.jp/%E3%82%B7%E3%83%A3%E3%83%BC%E3%83%97-SHARP-KC-H50-W-%E3%83%97%E3%83%A9%E3%82%BA%E3%83%9E%E3%82%AF%E3%83%A9%E3%82%B9%E3%82%BF%E3%83%BC%E6%90%AD%E8%BC%89-%E5%8A%A0%E6%B9%BF%E7%A9%BA%E6%B0%97%E6%B8%85%E6%B5%84%E6%A9%9F/dp/B077TC5PM8/ref=zg_bs_kitchen_2/355-8925587-4460819?_encoding=UTF8&psc=1&refRID=R3Y4PN85CPFXWY6CWQKM
2,KLOUDIC セラミックヒーター ヒーター 小型 電気ファンヒーター 足元 首振り 電気ストーブ 3段階…,https://www.amazon.co.jp/KLOUDIC-%E3%82%BB%E3%83%A9%E3%83%9F%E3%83%83%E3%82%AF%E3%83%92%E3%83%BC%E3%82%BF%E3%83%BC-%E9%9B%BB%E6%B0%97%E3%83%95%E3%82%A1%E3%83%B3%E3%83%92%E3%83%BC%E3%82%BF%E3%83%BC-%E9%9B%BB%E6%B0%97%E3%82%B9%E3%83%88%E3%83%BC%E3%83%96-PSE%E8%AA%8D%E8%A8%BC%E6%B8%88/dp/B08CN9D3TH/ref=zg_bs_kitchen_3/355-8925587-4460819?_encoding=UTF8&psc=1&refRID=R3Y4PN85CPFXWY6CWQKM
3,【Amazon.co.jp限定】タオル研究所 [毎日シンプル] #001 バスタオル ジェットブラック 2枚セッ…,https://www.amazon.co.jp/%E3%82%BF%E3%82%AA%E3%83%AB%E7%A0%94%E7%A9%B6%E6%89%80-%E6%AF%8E%E6%97%A5%E3%82%B7%E3%83%B3%E3%83%97%E3%83%AB-001-%E3%82%B8%E3%82%A7%E3%83%83%E3%83%88%E3%83%96%E3%83%A9%E3%83%83%E3%82%AF-%E7%B4%8460%C3%97120%E3%8E%9D/dp/B07X8TQ9VL/ref=zg_bs_kitchen_4/355-8925587-4460819?_encoding=UTF8&psc=1&refRID=R3Y4PN85CPFXWY6CWQKM
4,シャープ 加湿 空気清浄機 プラズマクラスター 7000 スタンダード 13畳 / 空気清浄 23畳 2018…,https://www.amazon.co.jp/%E3%82%B7%E3%83%A3%E3%83%BC%E3%83%97-%E3%83%97%E3%83%A9%E3%82%BA%E3%83%9E%E3%82%AF%E3%83%A9%E3%82%B9%E3%82%BF%E3%83%BC7000%E6%90%AD%E8%BC%89-%E3%82%B9%E3%82%BF%E3%83%B3%E3%83%80%E3%83%BC%E3%83%89%E5%8A%A0%E6%B9%BF%E7%A9%BA%E6%B0%97%E6%B8%85%E6%B5%84%E6%A9%9F-%E3%83%9B%E3%83%AF%E3%82%A4%E3%83%88-KC-J50-W/dp/B07JCPK9J4/ref=zg_bs_kitchen_5/355-8925587-4460819?_encoding=UTF8&psc=1&refRID=R3Y4PN85CPFXWY6CWQKM
5,アイリスオーヤマ LED電球 口金直径26mm 広配光 60W形相当 電球色 密閉器具対応 LDA7L-G-6T6,https://www.amazon.co.jp/%E3%82%A2%E3%82%A4%E3%83%AA%E3%82%B9%E3%82%AA%E3%83%BC%E3%83%A4%E3%83%9E-%E5%8F%A3%E9%87%91%E7%9B%B4%E5%BE%8426mm-60W%E5%BD%A2%E7%9B%B8%E5%BD%93-%E5%AF%86%E9%96%89%E5%99%A8%E5%85%B7%E5%AF%BE%E5%BF%9C-LDA7L-G-6T6/dp/B07NQ61XTC/ref=zg_bs_kitchen_6/355-8925587-4460819?_encoding=UTF8&psc=1&refRID=R3Y4PN85CPFXWY6CWQKM
6,シャープ 加湿 空気清浄機 プラズマクラスター 7000 スタンダード 13畳 / 空気清浄 23畳 2019…,https://www.amazon.co.jp/%E3%82%B7%E3%83%A3%E3%83%BC%E3%83%97-%E7%A9%BA%E6%B0%97%E6%B8%85%E6%B5%84%E6%A9%9F%E3%80%90%E5%8A%A0%E6%B9%BF%E6%A9%9F%E8%83%BD%E4%BB%98%E3%80%91%EF%BC%88%E7%A9%BA%E6%B8%8523%E7%95%B3%E3%81%BE%E3%81%A7-%E3%83%9B%E3%83%AF%E3%82%A4%E3%83%88%E7%B3%BB%EF%BC%89SHARP-%E3%80%8C%E3%83%97%E3%83%A9%E3%82%BA%E3%83%9E%E3%82%AF%E3%83%A9%E3%82%B9%E3%82%BF%E3%83%BC7000%E3%80%8D%E6%90%AD%E8%BC%89-KC-L50-W/dp/B07Z8PRD4W/ref=zg_bs_kitchen_7/355-8925587-4460819?_encoding=UTF8&psc=1&refRID=R3Y4PN85CPFXWY6CWQKM
7,ブリタ 浄水 ポット カートリッジ マクストラ プラス 1個セット 【日本仕様・日本正規品】,https://www.amazon.co.jp/%E3%83%96%E3%83%AA%E3%82%BF-%E3%82%AB%E3%83%BC%E3%83%88%E3%83%AA%E3%83%83%E3%82%B8-%E3%83%9E%E3%82%AF%E3%82%B9%E3%83%88%E3%83%A9-1%E5%80%8B%E5%85%A5%E3%82%8A-%E3%80%90%E6%97%A5%E6%9C%AC%E4%BB%95%E6%A7%98%E3%83%BB%E6%97%A5%E6%9C%AC%E6%AD%A3%E8%A6%8F%E5%93%81%E3%80%91/dp/B075D92L7V/ref=zg_bs_kitchen_8/355-8925587-4460819?_encoding=UTF8&psc=1&refRID=R3Y4PN85CPFXWY6CWQKM
8,アイリスオーヤマ 加湿器 加熱式加湿器 ホワイト SHM-120R1-W,https://www.amazon.co.jp/%E3%82%A2%E3%82%A4%E3%83%AA%E3%82%B9%E3%82%AA%E3%83%BC%E3%83%A4%E3%83%9E-%E5%8A%A0%E6%B9%BF%E5%99%A8-%E5%8A%A0%E7%86%B1%E5%BC%8F%E5%8A%A0%E6%B9%BF%E5%99%A8-%E3%83%9B%E3%83%AF%E3%82%A4%E3%83%88-SHM-120R1-W/dp/B07WS5914Y/ref=zg_bs_kitchen_9/355-8925587-4460819?_encoding=UTF8&psc=1&refRID=R3Y4PN85CPFXWY6CWQKM
9,【Amazon.co.jp限定】フィリップス ソニッケアー プロテクトクリーン ホワイトライトブルー 電動歯ブラシ 強さ設定なし ホワイトプラスブラシヘッ…,https://www.amazon.co.jp/%E3%82%AA%E3%83%A0%E3%83%AD%E3%83%B3-OMRON-MC-688-MC-688%E3%80%9015%E7%A7%92%E4%BA%88%E6%B8%AC%E6%A4%9C%E6%B8%A9%E3%80%91-%E3%83%95%E3%83%A9%E3%82%B9%E3%83%88%E3%83%AC%E3%83%BC%E3%82%B7%E3%83%A7%E3%83%B3%E3%83%95%E3%83%AA%E3%83%BC%E3%83%91%E3%83%83%E3%82%B1%E3%83%BC%E3%82%B8/dp/B076Q5WCPP/ref=zg_bs_kitchen_11/355-8925587-4460819?_encoding=UTF8&psc=1&refRID=R3Y4PN85CPFXWY6CWQKM
10,オムロン 電子体温計 スピード検温15秒予測 けんおんくん MC-688 ホワイト,https://www.amazon.co.jp/%E3%80%90Amazon-co-jp%E9%99%90%E5%AE%9A%E3%80%91%E3%83%AB%E3%83%B3%E3%83%90-%E3%82%A2%E3%82%A4%E3%83%AD%E3%83%9C%E3%83%83%E3%83%88-%E3%83%AD%E3%83%9C%E3%83%83%E3%83%88%E6%8E%83%E9%99%A4%E6%A9%9F-R692060-%E3%80%90Alexa%E5%AF%BE%E5%BF%9C%E3%80%91/dp/B088HL6J9P/ref=zg_bs_kitchen_12/355-8925587-4460819?_encoding=UTF8&psc=1&refRID=R3Y4PN85CPFXWY6CWQKM
11,【Amazon.co.jp限定】ルンバ 692 アイロボット ロボット掃除機 WiFi対応 遠隔操作 自動充電 グ…,https://www.amazon.co.jp/mofua-1%E5%B9%B4%E9%96%93%E5%93%81%E8%B3%AA%E4%BF%9D%E8%A8%BC-%E9%9D%99%E9%9B%BB%E6%B0%97%E9%98%B2%E6%AD%A2%E5%8A%A0%E5%B7%A5-%E3%83%97%E3%83%AC%E3%83%9F%E3%82%A2%E3%83%A0%E3%83%9E%E3%82%A4%E3%82%AF%E3%83%AD%E3%83%95%E3%82%A1%E3%82%A4%E3%83%90%E3%83%BC-50010106/dp/B00N3POMIA/ref=zg_bs_kitchen_13/355-8925587-4460819?_encoding=UTF8&psc=1&refRID=R3Y4PN85CPFXWY6CWQKM
12,mofua(モフア) 敷きパッド シングル ブラウン あったか ふんわり エコテックス認証 静電気防止加…,https://www.amazon.co.jp/%E3%80%90%E6%9C%80%E6%96%B0%E6%94%B9%E8%89%AF%E7%89%88-USB%E5%85%85%E9%9B%BB%E5%BC%8F%E3%80%91-%E6%AC%A1%E4%BA%9C%E5%A1%A9%E7%B4%A0%E9%85%B8%E6%B0%B4%E5%AF%BE%E5%BF%9C-%E5%A4%A7%E5%AE%B9%E9%87%8F350ml-7%E8%89%B2LED%E3%83%A9%E3%82%A4%E3%83%88/dp/B08F52DLY4/ref=zg_bs_kitchen_14/355-8925587-4460819?_encoding=UTF8&psc=1&refRID=R3Y4PN85CPFXWY6CWQKM
13,【最新改良版 & USB充電式】 加湿器 卓上 超音波式 次亜塩素酸水対応 大容量350ml ワイヤレス…,https://www.amazon.co.jp/%E3%80%90%E3%82%BB%E3%83%83%E3%83%88%E8%B2%B7%E3%81%84%E3%80%91%E3%83%91%E3%83%8A%E3%82%BD%E3%83%8B%E3%83%83%E3%82%AF-%E3%83%95%E3%82%A7%E3%82%A4%E3%82%B9%E3%82%B7%E3%82%A7%E3%83%BC%E3%83%90%E3%83%BC-%E3%83%9B%E3%83%83%E3%83%88%E3%82%AB%E3%83%BC%E3%83%A9%E3%83%BC%E3%81%BE%E3%81%A4%E6%AF%9B%E3%81%8F%E3%82%8B%E3%82%93-ES-WF61KT-GN-%E3%83%8A%E3%83%81%E3%83%A5%E3%83%A9%E3%83%AB%E3%82%AB%E3%83%BC%E3%83%AB/dp/B08NJL8G2V/ref=zg_bs_kitchen_15/355-8925587-4460819?_encoding=UTF8&psc=1&refRID=R3Y4PN85CPFXWY6CWQKM
14,【セット買い】パナソニック ギフトセット フェイスシェーバー フェリエ & ホットカーラーまつ毛…,https://www.amazon.co.jp/%E3%82%AA%E3%83%A0%E3%83%AD%E3%83%B3-OMRON-HBF-226-G-%E4%BD%93%E9%87%8D%E4%BD%93%E7%B5%84%E6%88%90%E8%A8%88/dp/B01NBXO7XY/ref=zg_bs_kitchen_16/355-8925587-4460819?_encoding=UTF8&psc=1&refRID=R3Y4PN85CPFXWY6CWQKM
15,オムロン 体重・体組成計 自動認識機能 HBF-226-G,https://www.amazon.co.jp/%E3%83%9C%E3%83%AA%E3%83%A5%E3%83%BC%E3%83%A0%E3%81%9F%E3%81%A3%E3%81%B7%E3%82%8A-%E8%BA%AB%E4%BD%93%E3%81%AB%E3%82%84%E3%81%95%E3%81%97%E3%81%8F%E3%83%95%E3%82%A3%E3%83%83%E3%83%88-%E3%82%84%E3%82%8F%E3%82%89%E3%81%8B%E3%81%AA%E8%82%8C%E8%A7%A6%E3%82%8A-SEVENDAYS-AB07660580W/dp/B071VMDF89/ref=zg_bs_kitchen_17/355-8925587-4460819?_encoding=UTF8&psc=1&refRID=R3Y4PN85CPFXWY6CWQKM
16,【Amazon.co.jp 限定】 東京 西川 SEVENDAYS 掛け布団 シングル 洗える ボリュームたっぷり…,https://www.amazon.co.jp/%E3%82%BF%E3%83%8B%E3%82%BF-TT-559-%E5%A3%81%E6%8E%9B%E3%81%91-%E5%8D%93%E4%B8%8A-%E3%83%9E%E3%82%B0%E3%83%8D%E3%83%83%E3%83%88/dp/B010CK4WAG/ref=zg_bs_kitchen_18/355-8925587-4460819?_encoding=UTF8&psc=1&refRID=R3Y4PN85CPFXWY6CWQKM
17,タニタ 温湿度計 温度 湿度 デジタル 壁掛け 時計付き 卓上 マグネット オレンジ TT-559 OR,https://www.amazon.co.jp/mofua-1%E5%B9%B4%E9%96%93%E5%93%81%E8%B3%AA%E4%BF%9D%E8%A8%BC-%E9%9D%99%E9%9B%BB%E6%B0%97%E9%98%B2%E6%AD%A2%E5%8A%A0%E5%B7%A5-%E3%83%97%E3%83%AC%E3%83%9F%E3%82%A2%E3%83%A0%E3%83%9E%E3%82%A4%E3%82%AF%E3%83%AD%E3%83%95%E3%82%A1%E3%82%A4%E3%83%90%E3%83%BC-50000106/dp/B00N3PQ9OU/ref=zg_bs_kitchen_19/355-8925587-4460819?_encoding=UTF8&psc=1&refRID=R3Y4PN85CPFXWY6CWQKM
18,mofua (モフア) 毛布 シングル(140×200cm) ブラウン あったか 冬用 ブランケット プレミアムマ…,https://www.amazon.co.jp/%E3%83%81%E3%83%81%E3%83%AD%E3%83%90-TITIROBA-%E3%82%B2%E3%83%AB%E3%82%AF%E3%83%83%E3%82%B7%E3%83%A7%E3%83%B3-%E8%85%B0%E6%A5%BD%E3%82%AF%E3%83%83%E3%82%B7%E3%83%A7%E3%83%B3-ZD-03%E3%80%90Amazon-co-jp/dp/B0862RW5MG/ref=zg_bs_kitchen_20/355-8925587-4460819?_encoding=UTF8&psc=1&refRID=R3Y4PN85CPFXWY6CWQKM
19,チチロバ(TITIROBA) ゲルクッション 二重 無重力 クッション 腰楽クッション 座布団 体圧分散 通…,https://www.amazon.co.jp/%E3%82%BB%E3%82%A4%E3%82%B3%E3%83%BC-%E7%9B%AE%E8%A6%9A%E3%81%BE%E3%81%97%E6%99%82%E8%A8%88-%E3%82%AB%E3%83%AC%E3%83%B3%E3%83%80%E3%83%BC-BC402W-SEIKO/dp/B078W6DPTP/ref=zg_bs_kitchen_21/355-8925587-4460819?_encoding=UTF8&psc=1&refRID=R3Y4PN85CPFXWY6CWQKM
20,セイコークロック 置き時計 01:白パール 本体サイズ:8.5×14.8×5.3cm 電波 デジタル カレンダー…,https://www.amazon.co.jp/%E3%82%AA%E3%83%A0%E3%83%AD%E3%83%B3-%E9%9B%BB%E5%AD%90%E4%BD%93%E6%B8%A9%E8%A8%88-%E3%81%91%E3%82%93%E3%81%8A%E3%82%93%E3%81%8F%E3%82%93-%E3%82%8F%E3%81%8D%E5%B0%82%E7%94%A8-MC-681/dp/B00F5VR11A/ref=zg_bs_kitchen_22/355-8925587-4460819?_encoding=UTF8&psc=1&refRID=R3Y4PN85CPFXWY6CWQKM
21,オムロン 電子体温計 けんおんくん わき専用 MC-681,https://www.amazon.co.jp/%E3%80%90%E3%82%BB%E3%83%83%E3%83%88%E8%B2%B7%E3%81%84%E3%80%91SALONIA-%E3%82%B5%E3%83%AD%E3%83%8B%E3%82%A2-%E3%82%B9%E3%83%88%E3%83%AC%E3%83%BC%E3%83%88%E3%82%A2%E3%82%A4%E3%83%AD%E3%83%B3-2WAY%E3%82%B9%E3%83%88%E3%83%AC%E3%83%BC%E3%83%88-%E3%82%AB%E3%83%BC%E3%83%AB%E3%83%98%E3%82%A2%E3%82%A2%E3%82%A4%E3%83%AD%E3%83%B3/dp/B08P6YNTTS/ref=zg_bs_kitchen_23/355-8925587-4460819?_encoding=UTF8&psc=1&refRID=R3Y4PN85CPFXWY6CWQKM
22,【セット買い】SALONIA サロニア ストレートアイロン プロ仕様230℃ 海外対応 & 2WAYストレー…,https://www.amazon.co.jp/%E3%83%91%E3%83%8A%E3%82%BD%E3%83%8B%E3%83%83%E3%82%AF-%E3%83%98%E3%82%A2%E3%83%89%E3%83%A9%E3%82%A4%E3%83%A4%E3%83%BC-%E3%83%8A%E3%83%8E%E3%82%B1%E3%82%A2-%E3%82%B4%E3%83%BC%E3%83%AB%E3%83%89-EH-NA2B-N/dp/B07VKRRPT9/ref=zg_bs_kitchen_24/355-8925587-4460819?_encoding=UTF8&psc=1&refRID=R3Y4PN85CPFXWY6CWQKM
23,パナソニック ヘアドライヤー ナノケア ゴールド EH-NA2B-N,https://www.amazon.co.jp/%E8%B1%A1%E5%8D%B0-%E5%8A%A0%E6%B9%BF%E5%99%A8-%E3%83%9B%E3%83%AF%E3%82%A4%E3%83%88-ZOJIRUSHI-EE-RP35-WA/dp/B07VGBBBM4/ref=zg_bs_kitchen_25/355-8925587-4460819?_encoding=UTF8&psc=1&refRID=R3Y4PN85CPFXWY6CWQKM
24,象印 加湿器 2.2L 木造6畳/プレハブ洋室10畳対応 スチーム式 蒸気式 フィルター不要 自動加湿3段…,https://www.amazon.co.jp/%E3%83%86%E3%82%A3%E3%83%95%E3%82%A1%E3%83%BC%E3%83%AB-%E9%9B%BB%E6%B0%97%E3%82%B1%E3%83%88%E3%83%AB-0-8L-%E3%83%91%E3%83%95%E3%82%A9%E3%83%BC%E3%83%9E-KO1531JP/dp/B07G1282LH/ref=zg_bs_kitchen_26/355-8925587-4460819?_encoding=UTF8&psc=1&refRID=R3Y4PN85CPFXWY6CWQKM
25,ティファール 電気ケトル 0.8L オンライン限定デザイン パフォーマ ホワイト KO1531JP,https://www.amazon.co.jp/%E3%82%AA%E3%83%A0%E3%83%AD%E3%83%B3-OMRON-HCR-7104-%E3%82%AA%E3%83%A0%E3%83%AD%E3%83%B3%E4%B8%8A%E8%85%95%E5%BC%8F%E8%A1%80%E5%9C%A7%E8%A8%88-%E3%83%9B%E3%83%AF%E3%82%A4%E3%83%88/dp/B07ZVL1D9F/ref=zg_bs_kitchen_27/355-8925587-4460819?_encoding=UTF8&psc=1&refRID=R3Y4PN85CPFXWY6CWQKM
26,オムロン上腕式血圧計 ホワイト HCR-7104,https://www.amazon.co.jp/%E3%80%90%E3%82%BB%E3%83%83%E3%83%88%E8%B2%B7%E3%81%84%E3%80%91NEC-LED%E3%82%B7%E3%83%BC%E3%83%AA%E3%83%B3%E3%82%B0%E3%83%A9%E3%82%A4%E3%83%88-%E8%AA%BF%E5%85%89%E3%82%BF%E3%82%A4%E3%83%97-6%E7%95%B3-HLDZ06209-%E6%97%A5%E6%9C%AC%E7%85%A7%E6%98%8E%E5%B7%A5%E6%A5%AD%E4%BC%9A%E5%9F%BA%E6%BA%96/dp/B08P6XX6MH/ref=zg_bs_kitchen_28/355-8925587-4460819?_encoding=UTF8&psc=1&refRID=R3Y4PN85CPFXWY6CWQKM
27,【セット買い】NEC LEDシーリングライト 調光タイプ~6畳 HLDZ06209 & アイリスオーヤマ LEDシーリングライト 調光 ~6畳 (日本照明工業会基…,https://www.amazon.co.jp/%E3%82%A2%E3%82%A4%E3%83%AA%E3%82%B9%E3%82%AA%E3%83%BC%E3%83%A4%E3%83%9E-%E8%B6%85%E9%9F%B3%E6%B3%A2%E5%8A%A0%E6%B9%BF%E5%99%A8-2-8L-%E3%83%94%E3%83%B3%E3%82%AF-PH-U28-P/dp/B074Z9PGXK/ref=zg_bs_kitchen_29/355-8925587-4460819?_encoding=UTF8&psc=1&refRID=R3Y4PN85CPFXWY6CWQKM
28,アイリスオーヤマ 超音波加湿器 2.8L ピンク PH-U28-P,https://www.amazon.co.jp/%E3%83%AC%E3%83%83%E3%82%AF-%E6%BF%80%E3%82%B3%E3%83%AD-%E3%82%B9%E3%82%B4%E6%8A%80%E3%82%AB%E3%83%83%E3%83%88-%E3%82%AB%E3%83%BC%E3%83%9A%E3%83%83%E3%83%88%E3%82%AF%E3%83%AA%E3%83%BC%E3%83%8A%E3%83%BC-S-770/dp/B016UBCQAY/ref=zg_bs_kitchen_30/355-8925587-4460819?_encoding=UTF8&psc=1&refRID=R3Y4PN85CPFXWY6CWQKM
29,レック 激コロ スゴ技カット 70周 スペア 3個入 ( カーペットクリーナー ) S-770,https://www.amazon.co.jp/%E3%82%A2%E3%82%A4%E3%83%AA%E3%82%B9%E3%82%AA%E3%83%BC%E3%83%A4%E3%83%9E-IRIS-OHYAMA-IHC-10-H-%E3%83%9B%E3%83%83%E3%83%88%E3%82%AB%E3%83%BC%E3%83%9A%E3%83%83%E3%83%88/dp/B01L72ZXJ2/ref=zg_bs_kitchen_31/355-8925587-4460819?_encoding=UTF8&psc=1&refRID=R3Y4PN85CPFXWY6CWQKM
30,アイリスオーヤマ ホットカーペット 1畳 176×88cm IHC-10-H,https://www.amazon.co.jp/SALONIA-%E3%82%B5%E3%83%AD%E3%83%8B%E3%82%A2-%E3%82%B9%E3%83%94%E3%83%BC%E3%83%87%E3%82%A3%E3%83%BC%E3%82%A4%E3%82%AA%E3%83%B3%E3%83%89%E3%83%A9%E3%82%A4%E3%83%A4%E3%83%BC-%E3%83%A1%E3%83%BC%E3%82%AB%E3%83%BC1%E5%B9%B4%E4%BF%9D%E8%A8%BC-SL-013GR/dp/B08GLRXL8T/ref=zg_bs_kitchen_32/355-8925587-4460819?_encoding=UTF8&psc=1&refRID=R3Y4PN85CPFXWY6CWQKM
31,SALONIA サロニア スピーディーイオンドライヤー グレー ヘアドライヤー 大風量 速乾 マイナスイ…,https://www.amazon.co.jp/%E3%82%B7%E3%83%A3%E3%83%BC%E3%83%97-SHARP-HX-J120-W-%E5%8A%A0%E6%B9%BF%E6%A9%9F%E8%83%BD%E4%BB%98%E3%81%8D/dp/B07Y37BSBN/ref=zg_bs_kitchen_33/355-8925587-4460819?_encoding=UTF8&psc=1&refRID=R3Y4PN85CPFXWY6CWQKM
32,シャープ プラズマクラスター塔載 加湿セラミックファンヒーター ホワイト HX-J120-W 6 畳,https://www.amazon.co.jp/%E3%80%90%E3%83%86%E3%83%AC%E3%83%93%E6%94%BE%E6%98%A0%E5%95%86%E5%93%81%E3%80%91-%E3%82%A2%E3%82%A4%E3%83%AA%E3%82%B9%E3%82%AA%E3%83%BC%E3%83%A4%E3%83%9E-%E5%B8%83%E5%9B%A31%E7%B5%84%E3%83%BB%E9%9D%B41%E7%B5%84%E5%AF%BE%E5%BF%9C-%E3%83%91%E3%83%BC%E3%83%AB%E3%83%9B%E3%83%AF%E3%82%A4%E3%83%88-FK-C3-WP/dp/B07HX141N2/ref=zg_bs_kitchen_34/355-8925587-4460819?_encoding=UTF8&psc=1&refRID=R3Y4PN85CPFXWY6CWQKM
33,アイリスオーヤマ 布団乾燥機 カラリエ あたため予約タイマー付き 温風機能付 マット不要 布団1組…,https://www.amazon.co.jp/%E3%83%91%E3%83%8A%E3%82%BD%E3%83%8B%E3%83%83%E3%82%AF-%E3%83%95%E3%82%A7%E3%83%AA%E3%82%A8-VIO%E5%B0%82%E7%94%A8%E3%82%B7%E3%82%A7%E3%83%BC%E3%83%90%E3%83%BC-%E3%82%B7%E3%83%AB%E3%83%90%E3%83%BC%E8%AA%BF-ES-WV60-S/dp/B085FB1YSZ/ref=zg_bs_kitchen_35/355-8925587-4460819?_encoding=UTF8&psc=1&refRID=R3Y4PN85CPFXWY6CWQKM
34,パナソニック 除毛器 フェリエ VIO専用シェーバー 防水 シルバー調 ES-WV60-S,https://www.amazon.co.jp/Bedsure-%E3%83%89%E3%83%AC%E3%83%BC%E3%83%97%E3%82%AB%E3%83%BC%E3%83%86%E3%83%B3-%E5%B9%85100cm%E4%B8%88110cm-%E9%AB%98%E7%B4%9A%E6%84%9F%E3%81%AE%E3%81%82%E3%82%8B%E7%94%9F%E5%9C%B0-%E3%83%AA%E3%83%93%E3%83%B3%E3%82%B0%E3%83%AB%E3%83%BC%E3%83%A0/dp/B08CXTG47H/ref=zg_bs_kitchen_36/355-8925587-4460819?_encoding=UTF8&psc=1&refRID=R3Y4PN85CPFXWY6CWQKM
35,Bedsure カーテン 1級遮光 小窓 ドレープカーテン オレンジ 幅100cm丈110cm 2枚組 断熱 保温 省…,https://www.amazon.co.jp/%E3%80%90Amazon-co-jp-%E8%A5%BF%E5%B7%9D-%E4%BC%B8%E7%B8%AE%E7%B4%A0%E6%9D%90%E3%81%A7%E3%81%8A%E9%A1%94%E3%81%AB%E3%83%95%E3%82%A3%E3%83%83%E3%83%88-%E8%80%B3%E3%81%8C%E7%97%9B%E3%81%8F%E3%81%AA%E3%82%8A%E3%81%AB%E3%81%8F%E3%81%84-PG90009569GR/dp/B08KD5K376/ref=zg_bs_kitchen_37/355-8925587-4460819?_encoding=UTF8&psc=1&refRID=R3Y4PN85CPFXWY6CWQKM
36,【Amazon.co.jp 限定セット】東京 西川 洗って使える マスク 4枚組 男女兼用 Mサイズ 100回洗…,https://www.amazon.co.jp/mofua-%E3%83%9E%E3%82%A4%E3%82%AF%E3%83%AD%E3%83%95%E3%82%A1%E3%82%A4%E3%83%90%E3%83%BC-%E3%83%AB%E3%83%BC%E3%83%A0%E3%82%A6%E3%82%A7%E3%82%A2-%E7%9D%80%E4%B8%88110cm-48476413/dp/B00N3PQE6S/ref=zg_bs_kitchen_38/355-8925587-4460819?_encoding=UTF8&psc=1&refRID=R3Y4PN85CPFXWY6CWQKM
37,mofua (モフア) 着る毛布 プレミアムマイクロファイバー ルームウェア フード付き 着丈110cm グ…,https://www.amazon.co.jp/%E3%82%A2%E3%82%A4%E3%83%AA%E3%82%B9%E3%82%AA%E3%83%BC%E3%83%A4%E3%83%9E-%E3%83%90%E3%82%AD%E3%83%A5%E3%83%BC%E3%83%A0-%E3%82%AF%E3%83%AA%E3%83%BC%E3%83%8A%E3%83%BC-%E3%82%B3%E3%83%B3%E3%83%91%E3%82%AF%E3%83%88-RNS-300/dp/B07ZQGDHP2/ref=zg_bs_kitchen_39/355-8925587-4460819?_encoding=UTF8&psc=1&refRID=R3Y4PN85CPFXWY6CWQKM
38,アイリスオーヤマ リンサークリーナー 染み抜き 布製品洗浄機 水と空気の力で汚れを吸い取る 温水…,https://www.amazon.co.jp/%E3%82%BF%E3%83%8B%E3%82%BF-%E3%82%AD%E3%83%83%E3%83%81%E3%83%B3%E3%82%B9%E3%82%B1%E3%83%BC%E3%83%AB-0-5g%E5%8D%98%E4%BD%8D-%E3%82%B9%E3%83%88%E3%83%BC%E3%83%B3%E3%83%9B%E3%83%AF%E3%82%A4%E3%83%88-%E3%81%99%E3%81%90%E3%81%AB%E3%83%94%E3%82%BF%E3%83%83%E3%81%A8%E3%81%AF%E3%81%8B%E3%82%8C%E3%82%8B/dp/B087C3K94F/ref=zg_bs_kitchen_40/355-8925587-4460819?_encoding=UTF8&psc=1&refRID=R3Y4PN85CPFXWY6CWQKM
39,タニタ キッチンスケール はかり 料理 デジタル 1kg 0.5g単位 ストーンホワイト KJ-114 SWH…,https://www.amazon.co.jp/SALONIA-%E3%82%B5%E3%83%AD%E3%83%8B%E3%82%A2-%E3%82%BB%E3%83%A9%E3%83%9F%E3%83%83%E3%82%AF-%E3%82%AB%E3%83%BC%E3%83%AB%E3%83%98%E3%82%A2%E3%82%A2%E3%82%A4%E3%83%AD%E3%83%B3-SL-011CB/dp/B0786Y7HF2/ref=zg_bs_kitchen_41/355-8925587-4460819?_encoding=UTF8&psc=1&refRID=R3Y4PN85CPFXWY6CWQKM
40,SALONIA サロニア ミニ セラミック カールヘアアイロン ブラック 海外対応 MAX210℃ 耐熱ポー…,https://www.amazon.co.jp/%E5%B1%B1%E5%96%84-%E9%9B%BB%E6%B0%97%E3%82%B9%E3%83%88%E3%83%BC%E3%83%96-800W-2%E6%AE%B5%E9%9A%8E%E5%88%87%E6%9B%BF-DS-D086/dp/B0145YNPDA/ref=zg_bs_kitchen_42/355-8925587-4460819?_encoding=UTF8&psc=1&refRID=R3Y4PN85CPFXWY6CWQKM
41,[山善] 電気ストーブ(800W/400W 2段階切替) ホワイト DS-D086(W) [メーカー保証1年],https://www.amazon.co.jp/Sugiyama-%E3%80%902%E5%80%8B%E3%82%BB%E3%83%83%E3%83%88%E3%80%91%E6%B4%97%E3%81%88%E3%82%8B-%E3%83%80%E3%83%8B%E9%80%80%E6%B2%BB%E6%A9%9F%E8%83%BD%E4%BB%98%E3%81%8D-140%C3%9780cm-NA-023S/dp/B08KHVL316/ref=zg_bs_kitchen_43/355-8925587-4460819?_encoding=UTF8&psc=1&refRID=R3Y4PN85CPFXWY6CWQKM
42,Sugiyama 電気敷き毛布 日本製 【2個セット】洗える ダニ退治機能付き 140×80cm NA-023S,https://www.amazon.co.jp/%E3%80%902019%E5%86%AC%E9%99%90%E5%AE%9A%E3%80%91SALONIA-%E3%82%B5%E3%83%AD%E3%83%8B%E3%82%A2-%E3%83%98%E3%82%A2%E3%82%A2%E3%82%A4%E3%83%AD%E3%83%B3-MAX210%E2%84%83-%E3%83%8C%E3%83%BC%E3%83%87%E3%82%A3%E3%83%BC%E3%83%94%E3%83%B3%E3%82%AF/dp/B07YFSSXMS/ref=zg_bs_kitchen_44/355-8925587-4460819?_encoding=UTF8&psc=1&refRID=R3Y4PN85CPFXWY6CWQKM
43,【2019冬限定】SALONIA サロニア セラミック カール ヘアアイロン 海外対応 プロ仕様…,https://www.amazon.co.jp/%E3%82%A2%E3%82%A4%E3%83%AA%E3%82%B9%E3%82%AA%E3%83%BC%E3%83%A4%E3%83%9E-%E3%82%BB%E3%83%A9%E3%83%9F%E3%83%83%E3%82%AF%E3%83%95%E3%82%A1%E3%83%B3%E3%83%92%E3%83%BC%E3%82%BF%E3%83%BC-%E4%BA%BA%E6%84%9F%E3%82%BB%E3%83%B3%E3%82%B5%E3%83%BC%E4%BB%98%E3%81%8D-%E6%8A%BC%E3%81%97%E3%83%9C%E3%82%BF%E3%83%B3%E3%82%BF%E3%82%A4%E3%83%97-PDH-1200TD1-W/dp/B07HQT9C2J/ref=zg_bs_kitchen_45/355-8925587-4460819?_encoding=UTF8&psc=1&refRID=R3Y4PN85CPFXWY6CWQKM
44,アイリスオーヤマ 大風量 セラミックファンヒーター 人感センサー付き 1200W マイコン式 押しボ…,https://www.amazon.co.jp/%E3%83%84%E3%82%A4%E3%83%B3%E3%83%90%E3%83%BC%E3%83%89-%E3%82%B5%E3%82%A4%E3%82%AF%E3%83%AD%E3%83%B3%E3%82%B9%E3%83%86%E3%82%A3%E3%83%83%E3%82%AF%E5%9E%8B%E3%82%AF%E3%83%AA%E3%83%BC%E3%83%8A%E3%83%BC-%E3%82%B9%E3%82%B1%E3%83%AB%E3%83%88%E3%83%B3%E3%83%96%E3%83%A9%E3%83%83%E3%82%AF-%E6%8E%83%E9%99%A4%E6%A9%9F-TC-E123SBK/dp/B0098D4GYG/ref=zg_bs_kitchen_46/355-8925587-4460819?_encoding=UTF8&psc=1&refRID=R3Y4PN85CPFXWY6CWQKM
45,ツインバード サイクロンスティッククリーナー 2WAY 掃除機 スケルトンブラック TC-E123SBK,https://www.amazon.co.jp/%E3%83%8F%E3%82%A6%E3%82%B9%E3%83%9B%E3%83%BC%E3%83%AB%E3%83%89%E3%82%B8%E3%83%A3%E3%83%91%E3%83%B3-%E3%82%B4%E3%83%9F%E5%88%86%E5%88%A5%E7%94%A8%E3%83%9D%E3%83%AA%E8%A2%8B-100%E6%9E%9A%E5%85%A5-TR25-%E7%B4%8415%C3%9735%C3%97%E3%83%9E%E3%83%8110cm/dp/B08367PFL2/ref=zg_bs_kitchen_47/355-8925587-4460819?_encoding=UTF8&psc=1&refRID=R3Y4PN85CPFXWY6CWQKM
46,ハウスホールドジャパン レジ袋 とって付 ゴミ分別用ポリ袋 100枚入 白 TR25 約15×35×マチ10cm,https://www.amazon.co.jp/Miriyon-%E9%81%A0%E8%B5%A4%E5%A4%96%E7%B7%9A%E3%83%87%E3%82%B9%E3%82%AF%E3%83%92%E3%83%BC%E3%82%BF%E3%83%BC-%E7%9C%81%E3%82%A8%E3%83%8D%E3%83%91%E3%83%8D%E3%83%AB%E3%83%92%E3%83%BC%E3%82%BF%E3%83%BC-3%E6%99%82%E9%96%93%E3%82%BF%E3%82%A4%E3%83%9E%E3%83%BC%E4%BB%98-%E5%86%B7%E3%81%88%E5%AF%BE%E7%AD%96/dp/B07NDNGQ5H/ref=zg_bs_kitchen_48/355-8925587-4460819?_encoding=UTF8&psc=1&refRID=R3Y4PN85CPFXWY6CWQKM
47,Miriyon 遠赤外線デスクヒーター 省エネパネルヒーター 3時間タイマー付 冷え対策 踏み型 踏み心地…,https://www.amazon.co.jp/%E3%82%A2%E3%82%A4%E3%83%AA%E3%82%B9%E3%82%AA%E3%83%BC%E3%83%A4%E3%83%9E-%E3%80%90%E4%B8%B8%E6%B4%97%E3%81%84OK%E3%80%91-%E9%9B%BB%E6%B0%97%E6%95%B7%E3%81%8D%E6%AF%9B%E5%B8%83-140%C3%9780cm-EHB-1408-T/dp/B074P2HDPJ/ref=zg_bs_kitchen_49/355-8925587-4460819?_encoding=UTF8&psc=1&refRID=R3Y4PN85CPFXWY6CWQKM
48,アイリスオーヤマ 【丸洗いOK】 電気敷き毛布 140×80cm EHB-1408-T,https://www.amazon.co.jp/TOAMIT-%E6%9D%B1%E4%BA%9C%E7%94%A3%E6%A5%AD-%E9%9D%9E%E6%8E%A5%E8%A7%A6%E5%BC%8F%E9%9B%BB%E5%AD%90%E6%B8%A9%E5%BA%A6%E8%A8%88-%E9%81%A0%E8%B5%A4%E5%A4%96%E7%B7%9A-3%E7%A7%92%E4%BB%A5%E5%86%85%E3%81%AB%E6%B8%AC%E5%AE%9A/dp/B08D3H6938/ref=zg_bs_kitchen_50/355-8925587-4460819?_encoding=UTF8&psc=1&refRID=R3Y4PN85CPFXWY6CWQKM
49,TOAMIT 東亜産業 非接触式電子温度計 遠赤外線 3秒以内に測定,https://www.amazon.co.jp/%E3%83%8B%E3%83%88%E3%83%A0%E3%82%BA-C2560-%E3%82%B3%E3%83%AD%E3%82%B3%E3%83%AD-%E3%83%95%E3%83%AD%E3%82%A2%E3%82%AF%E3%83%AA%E3%83%B3S/dp/B001NA25QI/ref=zg_bs_kitchen_51?_encoding=UTF8&psc=1&refRID=JG7N9AH66K0S73FBEERK
50,ニトムズ コロコロ 本体 S フロアクリン フローリング・カーペット対応 30周 1巻入 C2560,https://www.amazon.co.jp/%E3%82%A2%E3%82%A4%E3%83%AA%E3%82%B9%E3%82%AA%E3%83%BC%E3%83%A4%E3%83%9E-%E5%B8%83%E5%9B%A3%E4%B9%BE%E7%87%A5%E6%A9%9F-%E3%83%84%E3%82%A4%E3%83%B3%E3%83%8E%E3%82%BA%E3%83%AB-%E5%B8%83%E5%9B%A32%E7%B5%84%E3%83%BB%E9%9D%B42%E7%B5%84%E5%AF%BE%E5%BF%9C-FK-W1/dp/B07D78MQX2/ref=zg_bs_kitchen_52?_encoding=UTF8&psc=1&refRID=JG7N9AH66K0S73FBEERK
51,アイリスオーヤマ 布団乾燥機 カラリエ 温風機能付 マット不要 ツインノズル 布団2組・靴2組対応…,https://www.amazon.co.jp/TITIROBA-%E8%89%AF%E3%81%84%E9%80%9A%E6%B0%97%E6%80%A7-%E4%BA%BA%E6%B0%97-%E8%82%A9%E3%81%93%E3%82%8A-%E6%A8%AA%E5%90%91%E3%81%8D%E5%AF%BE%E5%BF%9C-43%C3%9763cm-PL-01/dp/B07YJW6NMP/ref=zg_bs_kitchen_53?_encoding=UTF8&psc=1&refRID=JG7N9AH66K0S73FBEERK
52,【Amazon.co.jp 限定】チチロバ(TITIROBA) 枕 まくら 高反発枕 良い通気性 丸洗い可能 ホテル…,https://www.amazon.co.jp/%E3%83%A9%E3%83%B3%E3%83%80%E3%83%A0%E9%98%B2%E6%B0%B4-%E3%82%B9%E3%83%86%E3%83%83%E3%82%AB%E3%83%BC%E3%82%BB%E3%83%83%E3%83%88-%E3%82%B9%E3%83%BC%E3%83%84%E3%82%B1%E3%83%BC%E3%82%B9%E3%82%B9%E3%83%86%E3%83%83%E3%82%AB%E3%83%BC-%E3%83%90%E3%82%A4%E3%82%AF%E3%82%B9%E3%83%86%E3%83%83%E3%82%AB%E3%83%BC-%E3%82%B9%E3%83%86%E3%83%83%E3%82%AB%E3%83%BC%E3%82%B3%E3%83%AC%E3%82%AF%E3%82%B7%E3%83%A7%E3%83%B3%E3%83%9E%E3%83%8B%E3%82%A2%E5%90%91%E3%81%91/dp/B08539ZH8S/ref=zg_bs_kitchen_54?_encoding=UTF8&psc=1&refRID=JG7N9AH66K0S73FBEERK
53,100枚 ランダム防水 ステッカーセット スーツケースステッカー 防水シール バイクステッカー ステ…,https://www.amazon.co.jp/%E3%83%86%E3%82%A3%E3%83%95%E3%82%A1%E3%83%BC%E3%83%AB-%E9%9B%BB%E6%B0%97%E3%82%B1%E3%83%88%E3%83%AB-%E3%80%8C%E3%82%B8%E3%83%A3%E3%82%B9%E3%83%86%E3%82%A3%E3%83%B3-%E3%82%B7%E3%83%B3%E3%83%97%E3%83%AB%E3%83%A2%E3%83%87%E3%83%AB-KO340175/dp/B00LGM4T1W/ref=zg_bs_kitchen_55?_encoding=UTF8&psc=1&refRID=JG7N9AH66K0S73FBEERK
54,ティファール 電気ケトル 「ジャスティン プラス」 シンプルモデル ホワイト 1.2L KO340175,https://www.amazon.co.jp/SALONIA-%E3%82%B5%E3%83%AD%E3%83%8B%E3%82%A2-%E3%82%B9%E3%83%88%E3%83%AC%E3%83%BC%E3%83%88%E3%83%92%E3%83%BC%E3%83%88%E3%83%96%E3%83%A9%E3%82%B7-%E3%83%96%E3%83%A9%E3%83%83%E3%82%AF-MAX210%E2%84%83/dp/B07XRHQ7Z6/ref=zg_bs_kitchen_56?_encoding=UTF8&psc=1&refRID=JG7N9AH66K0S73FBEERK
55,SALONIA サロニア ストレートヒートブラシ スリム ブラック 海外対応 MAX210℃ 50W セラミッ…,https://www.amazon.co.jp/iwaki-PS-BO-50N-%E3%83%9C%E3%82%A6%E3%83%AB5%E7%82%B9-%E3%83%A1%E3%82%B8%E3%83%A3%E3%83%BC%E3%82%AB%E3%83%83%E3%83%97%E3%82%BB%E3%83%83%E3%83%88/dp/B007CDBUU2/ref=zg_bs_kitchen_57?_encoding=UTF8&psc=1&refRID=JG7N9AH66K0S73FBEERK
56,iwaki(イワキ) 耐熱ガラス ボウル 丸型 5個セット メジャーカップ付き PS-BO-50N,https://www.amazon.co.jp/%E3%82%A4%E3%83%AF%E3%82%BF%E3%83%8B-%E3%82%AB%E3%82%BB%E3%83%83%E3%83%88%E3%83%95%E3%83%BC-%E3%80%90%E3%81%86%E3%81%99%E5%9E%8B%E3%82%B3%E3%83%B3%E3%83%AD-%E9%AB%98%E3%81%9574mm%E3%80%91-CB-AS-1/dp/B008R7OOJ6/ref=zg_bs_kitchen_58?_encoding=UTF8&psc=1&refRID=JG7N9AH66K0S73FBEERK
57,イワタニ カセットフー 達人スリム 【うす型コンロ / 高さ74mm】 CB-AS-1,https://www.amazon.co.jp/%E3%80%90%E5%9B%BD%E5%86%85%E6%AD%A3%E8%A6%8F%E5%93%81%E3%80%91-%E3%83%9C%E3%83%80%E3%83%A0-PAVINA-%E9%9B%BB%E5%AD%90%E3%83%AC%E3%83%B3%E3%82%B8OK-4557-10/dp/B00076ZD0O/ref=zg_bs_kitchen_59?_encoding=UTF8&psc=1&refRID=JG7N9AH66K0S73FBEERK
58,BODUM ボダム PAVINA パヴィーナ ダブルウォール グラス 80ml 2個セット 【正規品】 4557-10,https://www.amazon.co.jp/5%E5%B9%B4%E9%96%93%E7%84%A1%E6%96%99%E4%BF%AE%E7%90%86-%E9%A2%A8%E9%82%AA%E3%83%BB%E4%B9%BE%E7%87%A5%E5%AF%BE%E7%AD%96-%E3%81%AE%E3%81%A9%E5%B0%82%E7%94%A8%E5%8A%A0%E6%B9%BF%E5%99%A8-%E3%82%AB%E3%82%BF%E3%83%AD%E3%82%B0%E3%83%8F%E3%82%A6%E3%82%B9/dp/B07JZ5NPLH/ref=zg_bs_kitchen_60?_encoding=UTF8&psc=1&refRID=JG7N9AH66K0S73FBEERK
59,通販生活の「のどミスト」●風邪をひきやすい人必携『医療機器認証』の携帯用吸入器。うがいでは…,https://www.amazon.co.jp/%E3%80%90Amazon%E9%99%90%E5%AE%9A%E3%83%96%E3%83%A9%E3%83%B3%E3%83%89%E3%80%91%E3%83%9E%E3%82%B9%E3%82%AF-%E3%83%95%E3%82%A3%E3%83%83%E3%83%88%E6%84%9F-%E8%80%B3%E3%81%8C%E7%97%9B%E3%81%8F%E3%81%AA%E3%82%8A%E3%81%AB%E3%81%8F%E3%81%84-%E5%91%BC%E5%90%B8%E3%81%97%E3%82%84%E3%81%99%E3%81%84-%E7%B9%B0%E3%82%8A%E8%BF%94%E3%81%97%E4%BD%BF%E3%81%88%E3%82%8B/dp/B08C4RBS1B/ref=zg_bs_kitchen_61?_encoding=UTF8&psc=1&refRID=JG7N9AH66K0S73FBEERK
60,【Amazon限定ブランド】マスク ひんやり 4枚組 男女兼用 フィット感 耳が痛くなりにくい 呼吸し…,https://www.amazon.co.jp/%E3%83%89%E3%82%A6%E3%82%B7%E3%82%B7%E3%83%A3-%E3%82%BF%E3%83%B3%E3%83%96%E3%83%A9%E3%83%BC-%E3%82%B3%E3%83%B3%E3%83%93%E3%83%8B%E3%83%9E%E3%82%B0-%E3%83%80%E3%82%A4%E3%83%AC%E3%82%AF%E3%83%88%E3%82%BF%E3%82%A4%E3%83%97-%E7%9B%B4%E6%8E%A5%E3%83%89%E3%83%AA%E3%83%83%E3%83%97/dp/B08DTJF6HP/ref=zg_bs_kitchen_62?_encoding=UTF8&psc=1&refRID=JG7N9AH66K0S73FBEERK
61,ドウシシャ タンブラー ふた付き コンビニマグ ダイレクトタイプ 真空断熱 直接ドリップ 0.36L グ…,https://www.amazon.co.jp/%E3%82%B3%E3%82%A4%E3%82%BA%E3%83%9F-%E3%83%98%E3%82%A2%E3%83%89%E3%83%A9%E3%82%A4%E3%83%A4%E3%83%BC-%E3%83%A2%E3%83%8E%E3%82%AF%E3%83%AD%E3%83%BC%E3%83%A0-%E3%83%9E%E3%82%A4%E3%83%8A%E3%82%B9%E3%82%A4%E3%82%AA%E3%83%B3-KHD-1385/dp/B07CZ266BB/ref=zg_bs_kitchen_63?_encoding=UTF8&psc=1&refRID=JG7N9AH66K0S73FBEERK
62,モノクローム ヘアドライヤー マイナスイオン ホワイト KHD-1385/W [Amazon限定ブランド],https://www.amazon.co.jp/%E4%BA%AC%E3%82%BB%E3%83%A9-KYOCERA-HTNBK-%E3%83%8F%E3%82%B5%E3%83%9F%E7%A0%94%E3%81%8E%E5%99%A8/dp/B001TV89PW/ref=zg_bs_kitchen_64?_encoding=UTF8&psc=1&refRID=JG7N9AH66K0S73FBEERK
63,京セラ 日本製 シャープナー 研ぎ器 はさみ 用 ファイン セラミック ブラック Kyocera HTNBK,https://www.amazon.co.jp/%E3%80%90Amazon-co-jp%E9%99%90%E5%AE%9A%E3%80%91-%E3%83%AC%E3%83%83%E3%82%AF-%E3%83%9E%E3%82%A4%E3%82%AF%E3%83%AD%E3%83%95%E3%82%A1%E3%82%A4%E3%83%90%E3%83%BC-%E3%81%8A%E3%81%9D%E3%81%86%E3%81%98%E3%82%B9%E3%83%AA%E3%83%83%E3%83%91-S-815%E3%80%90%E3%82%BB%E3%83%83%E3%83%88%E8%B2%B7%E3%81%84%E3%80%91/dp/B08D75XGBL/ref=zg_bs_kitchen_65?_encoding=UTF8&psc=1&refRID=JG7N9AH66K0S73FBEERK
64,【Amazon.co.jp限定】 レック 激落ちくん マイクロファイバー クロス 20枚入 (20×30cm) ベー…,https://www.amazon.co.jp/%E3%80%90Amazon%E9%99%90%E5%AE%9A%E3%83%96%E3%83%A9%E3%83%B3%E3%83%89%E3%80%91%E3%83%9E%E3%82%B9%E3%82%AF-%E3%83%95%E3%82%A3%E3%83%83%E3%83%88%E6%84%9F-%E8%80%B3%E3%81%8C%E7%97%9B%E3%81%8F%E3%81%AA%E3%82%8A%E3%81%AB%E3%81%8F%E3%81%84-%E5%91%BC%E5%90%B8%E3%81%97%E3%82%84%E3%81%99%E3%81%84-%E7%B9%B0%E3%82%8A%E8%BF%94%E3%81%97%E4%BD%BF%E3%81%88%E3%82%8B/dp/B08DXV7Q9W/ref=zg_bs_kitchen_66?_encoding=UTF8&psc=1&refRID=JG7N9AH66K0S73FBEERK
65,【Amazon限定ブランド】マスク ひんやり 4枚組 男女兼用 フィット感 耳が痛くなりにくい 呼吸し…,https://www.amazon.co.jp/%E3%80%90%E3%82%BB%E3%83%83%E3%83%88%E8%B2%B7%E3%81%84%E3%80%91%E3%82%A2%E3%82%A4%E3%83%AA%E3%82%B9%E3%82%AA%E3%83%BC%E3%83%A4%E3%83%9E-%E3%82%BB%E3%83%A9%E3%83%9F%E3%83%83%E3%82%AF%E3%83%95%E3%82%A1%E3%83%B3%E3%83%92%E3%83%BC%E3%82%BF%E3%83%BC-CH-127D-140%C3%9780cm-EHB-1408-T/dp/B08P6YMHN3/ref=zg_bs_kitchen_67?_encoding=UTF8&psc=1&refRID=JG7N9AH66K0S73FBEERK
66,【セット買い】アイリスオーヤマ セラミックファンヒーター メカ式 1200W ホワイト CH-127D…,https://www.amazon.co.jp/%E5%B1%B1%E5%96%84-%E3%83%9F%E3%83%8B%E3%83%9E%E3%83%83%E3%83%88-40%E8%A7%92-%E3%83%9B%E3%83%83%E3%83%88%E3%82%AB%E3%83%BC%E3%83%9A%E3%83%83%E3%83%88-YMM-K404/dp/B0145YLQ2C/ref=zg_bs_kitchen_68?_encoding=UTF8&psc=1&refRID=JG7N9AH66K0S73FBEERK
67,[山善] ミニマット 40×40cm ホットマット YMM-K404 [メーカー保証1年] ベージュ,https://www.amazon.co.jp/iwaki-PS-PRN-3G2-%E3%82%AD%E3%83%83%E3%83%81%E3%83%B3%E3%82%B9%E3%82%B1%E3%83%BC%E3%83%AB-%E3%82%B9%E3%83%88%E3%83%BC%E3%83%B3%E3%83%9B%E3%83%AF%E3%82%A4%E3%83%88-%E3%81%99%E3%81%90%E3%81%AB%E3%83%94%E3%82%BF%E3%83%83%E3%81%A8%E3%81%AF%E3%81%8B%E3%82%8C%E3%82%8B/dp/B08L3RVWN4/ref=zg_bs_kitchen_69?_encoding=UTF8&psc=1&refRID=JG7N9AH66K0S73FBEERK
68,iwaki(イワキ) 耐熱ガラス 保存容器 グリーン 3個セット パック&レンジ PS-PRN-3G2 + タニタ キッチンスケール はかり 料理 デジタル 2kg 1g単…,https://www.amazon.co.jp/%E3%80%90Amazon-co-jp%E9%99%90%E5%AE%9A%E3%80%91%E3%83%91%E3%83%8A%E3%82%BD%E3%83%8B%E3%83%83%E3%82%AF-LED%E3%82%B7%E3%83%BC%E3%83%AA%E3%83%B3%E3%82%B0%E3%83%A9%E3%82%A4%E3%83%88-%E8%AA%BF%E5%85%89%E3%82%BF%E3%82%A4%E3%83%97-HH-CD0620DZ-2018%E3%83%A2%E3%83%87%E3%83%AB/dp/B07H2LHKXC/ref=zg_bs_kitchen_70?_encoding=UTF8&psc=1&refRID=JG7N9AH66K0S73FBEERK
69,"パナソニック LEDシーリングライト 調光タイプ 昼光色 リモコン付 6畳 3,699lm HH-CD0620DZ…",https://www.amazon.co.jp/%E7%9B%AE%E8%A6%9A%E3%81%BE%E3%81%97%E3%83%A9%E3%82%A4%E3%83%88-YABAE-%E3%82%A6%E3%82%A7%E3%82%A4%E3%82%AF%E3%82%A2%E3%83%83%E3%83%97%E3%83%A9%E3%82%A4%E3%83%88-%E3%82%AF%E3%83%AD%E3%83%83%E3%82%AF%E3%83%A9%E3%82%B8%E3%82%AA-%E3%83%99%E3%83%83%E3%83%89%E3%82%B5%E3%82%A4%E3%83%89%E3%83%A9%E3%83%B3%E3%83%97/dp/B07KSQ1ZGP/ref=zg_bs_kitchen_71?_encoding=UTF8&psc=1&refRID=JG7N9AH66K0S73FBEERK
70,YABAE 目覚まし時計 光 大音量 目覚ましライト デジタル スヌーズ&ラジオ機能付き クロックラジ…,https://www.amazon.co.jp/%E3%80%90Amazon%E9%99%90%E5%AE%9A%E3%83%96%E3%83%A9%E3%83%B3%E3%83%89%E3%80%91%E3%83%9E%E3%82%B9%E3%82%AF-%E8%80%B3%E3%81%8C%E7%97%9B%E3%81%8F%E3%81%AA%E3%82%8A%E3%81%AB%E3%81%8F%E3%81%84-%E5%91%BC%E5%90%B8%E3%81%97%E3%82%84%E3%81%99%E3%81%84-%E7%B9%B0%E3%82%8A%E8%BF%94%E3%81%97%E4%BD%BF%E3%81%88%E3%82%8B-L%E3%82%B5%E3%82%A4%E3%82%BA4%E6%9E%9A%E7%B5%84/dp/B08F6VYRBY/ref=zg_bs_kitchen_72?_encoding=UTF8&psc=1&refRID=JG7N9AH66K0S73FBEERK
71,【Amazon限定ブランド】マスク ひんやり 4枚組 男女兼用 フィット感 耳が痛くなりにくい 呼吸し…,https://www.amazon.co.jp/GTRACING-%E5%A4%9A%E6%A9%9F%E8%83%BD-%E3%82%B2%E3%83%BC%E3%83%9F%E3%83%B3%E3%82%B0%E3%83%81%E3%82%A7%E3%82%A2-GT909-GT901-BLACK/dp/B07JJ848L8/ref=zg_bs_kitchen_73?_encoding=UTF8&psc=1&refRID=JG7N9AH66K0S73FBEERK
72,Gtracing ゲーミングチェア オットマン オフィスチェア デスクチェア マッサージ 収納式フットレス…,https://www.amazon.co.jp/%E3%82%B5%E3%83%BC%E3%83%A2%E3%82%B9-%E3%82%B9%E3%83%97%E3%83%BC%E3%83%B3%E3%83%BB%E3%83%8F%E3%82%B7%E3%82%BB%E3%83%83%E3%83%88-%E3%83%94%E3%83%A5%E3%82%A2%E3%83%9B%E3%83%AF%E3%82%A4%E3%83%88-CPE-001-APE-001%E3%80%90%E3%82%BB%E3%83%83%E3%83%88%E8%B2%B7%E3%81%84%E3%80%91/dp/B08LDXFG87/ref=zg_bs_kitchen_74?_encoding=UTF8&psc=1&refRID=JG7N9AH66K0S73FBEERK
73,サーモス スプーン・ハシセット ピュアホワイト CPE-001 PWH & おたま スープジャー用 APE…,https://www.amazon.co.jp/%E3%80%90%E6%9C%80%E6%96%B0%E7%89%88%E3%80%91Umimile-%E3%82%BD%E3%83%BC%E3%83%97%E3%83%87%E3%82%A3%E3%82%B9%E3%83%9A%E3%83%B3%E3%82%B5%E3%83%BC-%E3%83%8F%E3%83%B3%E3%83%89%E3%82%BD%E3%83%BC%E3%83%97%E3%83%87%E3%82%A3%E3%82%B9%E3%83%9A%E3%83%B3%E3%82%B5%E3%83%BC-%E5%90%90%E5%87%BA%E9%87%8F2%E6%AE%B5%E9%9A%8E%E8%AA%BF%E6%95%B4-%E6%B4%97%E9%9D%A2%E6%89%80%E3%81%AA%E3%81%A9%E3%81%AB%E9%81%A9%E7%94%A8/dp/B07W41LYHZ/ref=zg_bs_kitchen_75?_encoding=UTF8&psc=1&refRID=JG7N9AH66K0S73FBEERK
74,Umimile ソープディスペンサー 泡 自動 ハンドソープディスペンサー オート センサー 吐出量2段…,https://www.amazon.co.jp/%E3%80%90%E3%82%BB%E3%83%83%E3%83%88%E8%B2%B7%E3%81%84%E3%80%91%E4%B8%89%E8%8F%B1%E3%82%B1%E3%83%9F%E3%82%AB%E3%83%AB%E3%83%BB%E3%82%AF%E3%83%AA%E3%83%B3%E3%82%B9%E3%82%A4-%E3%82%AB%E3%83%BC%E3%83%88%E3%83%AA%E3%83%83%E3%82%B8-MONO%E3%82%B7%E3%83%AA%E3%83%BC%E3%82%BA-CSP%E3%82%B7%E3%83%AA%E3%83%BC%E3%82%BA-HGC9SZ-AZ/dp/B08NJG8W8V/ref=zg_bs_kitchen_76?_encoding=UTF8&psc=1&refRID=JG7N9AH66K0S73FBEERK
75,【セット買い】三菱ケミカル・クリンスイ 浄水器 カートリッジ 交換用 MONOシリーズ ホワイト…,https://www.amazon.co.jp/Henckels-%E3%83%98%E3%83%B3%E3%82%B1%E3%83%AB%E3%82%B9-%E6%96%99%E7%90%86%E3%81%B0%E3%81%95%E3%81%BF-%E3%82%AD%E3%83%83%E3%83%81%E3%83%B3%E3%83%8F%E3%82%B5%E3%83%9F-11515-001/dp/B000X1YC7S/ref=zg_bs_kitchen_77?_encoding=UTF8&psc=1&refRID=JG7N9AH66K0S73FBEERK
76,Henckels ヘンケルス 「 ケルン 料理ばさみ 」 キッチンハサミ 【日本正規販売品】 11515-001,https://www.amazon.co.jp/2018%E6%9C%80%E6%96%B0-10%E6%99%82%E9%96%93%E9%80%A3%E7%B6%9A%E5%8A%A0%E6%B9%BF-%E4%B8%83%E8%89%B2LED%E3%83%A9%E3%82%A4%E3%83%88-%E3%83%9A%E3%83%83%E3%83%88%E3%83%9C%E3%83%88%E3%83%AB-200ML/dp/B07H98H9F4/ref=zg_bs_kitchen_78?_encoding=UTF8&psc=1&refRID=JG7N9AH66K0S73FBEERK
77,加湿器 卓上 アロマ 次亜塩素酸水 超音波式 加湿器 超静音 車用加湿器 除菌 10時間連続加湿 七…,https://www.amazon.co.jp/%E3%82%B7%E3%83%A3%E3%83%BC%E3%83%97-%E3%83%98%E3%83%AB%E3%82%B7%E3%82%AA-30L-2%E6%AE%B5%E8%AA%BF%E7%90%86%E3%82%BF%E3%82%A4%E3%83%97-AX-XJ600R/dp/B07WXG7G3W/ref=zg_bs_kitchen_79?_encoding=UTF8&psc=1&refRID=JG7N9AH66K0S73FBEERK
78,シャープ ヘルシオ 30L 2段調理タイプ レッド AX-XJ600R,https://www.amazon.co.jp/TaoTronics-%E3%83%86%E3%83%BC%E3%83%96%E3%83%AB%E3%82%B9%E3%82%BF%E3%83%B3%E3%83%89-%E3%82%BF%E3%83%83%E3%83%81%E3%82%BB%E3%83%B3%E3%82%B5%E3%83%BC%E8%AA%BF%E5%85%89-USB%E3%83%9D%E3%83%BC%E3%83%88%E4%BB%98%E3%81%91-TT-DL13/dp/B07F9NWPKB/ref=zg_bs_kitchen_80?_encoding=UTF8&psc=1&refRID=JG7N9AH66K0S73FBEERK
79,デスクライト TaoTronics LED 目に優しい 電気スタンド 省エネ 学習机 テーブルスタンド 卓上ラ…,https://www.amazon.co.jp/KLOUDIC-%E3%82%BB%E3%83%A9%E3%83%9F%E3%83%83%E3%82%AF%E3%83%92%E3%83%BC%E3%82%BF%E3%83%BC-%E3%83%95%E3%82%A1%E3%83%B3%E3%83%92%E3%83%BC%E3%82%BF%E3%83%BC-%E9%9B%BB%E6%B0%97%E3%83%95%E3%82%A1%E3%83%B3%E3%83%92%E3%83%BC%E3%82%BF%E3%83%BC-LED%E3%83%87%E3%82%A3%E3%82%B9%E3%83%97%E3%83%AC%E3%82%A4%E6%90%AD%E8%BC%89/dp/B08JC812BN/ref=zg_bs_kitchen_81?_encoding=UTF8&psc=1&refRID=JG7N9AH66K0S73FBEERK
80,KLOUDIC セラミックヒーター ヒーター ファンヒーター スリムタワー型 電気ファンヒーター 電気…,https://www.amazon.co.jp/%E3%82%A2%E3%82%A4%E3%83%AA%E3%82%B9%E3%82%AA%E3%83%BC%E3%83%A4%E3%83%9E-%E3%83%81%E3%82%A7%E3%82%B9%E3%83%88-%E5%B9%8555-6%C3%97%E5%A5%A5%E8%A1%8C41%C3%97%E9%AB%98%E3%81%9562cm-%E3%83%9B%E3%83%AF%E3%82%A4%E3%83%88%E3%82%AA%E3%83%BC%E3%82%AF-WTW-543/dp/B00I0NK7XE/ref=zg_bs_kitchen_82?_encoding=UTF8&psc=1&refRID=JG7N9AH66K0S73FBEERK
81,アイリスオーヤマ チェスト ワイド 3段 日本製 完成品 幅55.6×奥行41×高さ62cm フレンチオー…,https://www.amazon.co.jp/GTRACING-%E3%82%B2%E3%83%BC%E3%83%9F%E3%83%B3%E3%82%B0%E3%83%81%E3%82%A7%E3%82%A2-%E3%82%AA%E3%83%95%E3%82%A3%E3%82%B9%E3%83%81%E3%82%A7%E3%82%A2-%E3%83%A9%E3%83%B3%E3%83%90%E3%83%BC%E3%82%B5%E3%83%9D%E3%83%BC%E3%83%88-GT099-red/dp/B0832W3M5G/ref=zg_bs_kitchen_83?_encoding=UTF8&psc=1&refRID=JG7N9AH66K0S73FBEERK
82,Gtracing ゲーミングチェア オフィスチェア デスクチェア ゲーム用チェア リクライニング パソコン…,https://www.amazon.co.jp/%E3%82%B5%E3%83%BC%E3%83%A2%E3%82%B9-%E7%9C%9F%E7%A9%BA%E6%96%AD%E7%86%B1%E3%82%B9%E3%83%BC%E3%83%97%E3%82%B8%E3%83%A3%E3%83%BC-300ml-JBR-300-BW/dp/B08DS18982/ref=zg_bs_kitchen_84?_encoding=UTF8&psc=1&refRID=JG7N9AH66K0S73FBEERK
83,サーモス 真空断熱スープジャー 300ml ブラウン JBR-300 BW,https://www.amazon.co.jp/%E3%83%95%E3%82%A3%E3%83%AA%E3%83%83%E3%83%97%E3%82%B9-%E3%83%80%E3%82%A4%E3%83%A4%E3%83%A2%E3%83%B3%E3%83%89%E3%82%AF%E3%83%AA%E3%83%BC%E3%83%B3-%E3%83%87%E3%82%A3%E3%83%BC%E3%83%97%E3%82%AF%E3%83%AA%E3%83%BC%E3%83%B3%E3%82%A8%E3%83%87%E3%82%A3%E3%82%B7%E3%83%A7%E3%83%B3-%E3%83%97%E3%83%AC%E3%83%9F%E3%82%A2%E3%83%A0%E3%82%AC%E3%83%A0%E3%82%B1%E3%82%A2-%E3%83%AC%E3%82%AE%E3%83%A5%E3%83%A9%E3%83%BC3%E6%9C%AC/dp/B089R88CH3/ref=zg_bs_kitchen_85?_encoding=UTF8&psc=1&refRID=JG7N9AH66K0S73FBEERK
84,【セット品】 フィリップス 電動歯ブラシ ソニッケアー ダイヤモンドクリーン ディープクリーンエ…,https://www.amazon.co.jp/%E3%83%9E%E3%83%BC%E3%83%8A-Marna-Shupatto-%E3%83%9D%E3%82%B1%E3%83%83%E3%82%BF%E3%83%96%E3%83%AB%E3%83%90%E3%83%83%E3%82%B0/dp/B0756D48DC/ref=zg_bs_kitchen_86?_encoding=UTF8&psc=1&refRID=JG7N9AH66K0S73FBEERK
85,マーナ(MARNA) Shupatto (シュパット) ポケッタブルバッグ S ネイビー 一気ににたためるエコバ…,https://www.amazon.co.jp/%E3%80%90%E8%87%AA%E5%8B%95%E9%A6%96%E6%8C%AF%E3%82%8A-USB%E5%85%85%E9%9B%BB%E5%BC%8F-2020%E6%9C%80%E6%96%B0%E7%89%88%E3%80%91-%E6%AC%A1%E4%BA%9C%E5%A1%A9%E7%B4%A0%E9%85%B8%E6%B0%B4%E5%AF%BE%E5%BF%9C-%E3%83%9E%E3%82%A4%E3%83%8A%E3%82%B9%E3%82%A4%E3%82%AA%E3%83%B3%E6%A9%9F%E8%83%BD%E6%90%AD%E8%BC%89/dp/B08K4187H7/ref=zg_bs_kitchen_87?_encoding=UTF8&psc=1&refRID=JG7N9AH66K0S73FBEERK
86,【自動首振り & USB充電式 & 2020最新版】 加湿器 卓上 超音波式 アロマ対応 次亜塩素酸水対応…,https://www.amazon.co.jp/%E3%80%90Amazon-co-jp-%E9%99%90%E5%AE%9A%E3%80%91%E3%83%AA%E3%82%BA%E3%83%A0%E6%99%82%E8%A8%88-%E6%B8%A9%E5%BA%A6%E8%A8%88%E3%83%BB%E6%B9%BF%E5%BA%A6%E8%A8%88%E4%BB%98%E3%81%8D-%E3%83%95%E3%82%A3%E3%83%83%E3%83%88%E3%82%A6%E3%82%A7%E3%83%BC%E3%83%96%E3%82%B9%E3%83%9E%E3%83%BC%E3%83%88-8RZ166SR71/dp/B07PGCFHVZ/ref=zg_bs_kitchen_88?_encoding=UTF8&psc=1&refRID=JG7N9AH66K0S73FBEERK
87,【Amazon.co.jp 限定】リズム(RHYTHM) 置き時計 ガンメタリック (黒メタリック)…,https://www.amazon.co.jp/%E3%82%A2%E3%82%A4%E3%83%AA%E3%82%B9%E3%82%AA%E3%83%BC%E3%83%A4%E3%83%9E-%E3%82%AB%E3%83%A9%E3%83%BC%E3%83%9C%E3%83%83%E3%82%AF%E3%82%B9-%E5%B9%8541-5%C3%97%E5%A5%A5%E8%A1%8C29%C3%97%E9%AB%98%E3%81%9588%E3%8E%9D-%E3%83%8A%E3%83%81%E3%83%A5%E3%83%A9%E3%83%AB%E3%83%9B%E3%83%AF%E3%82%A4%E3%83%88-KKCB-3/dp/B07Z4PSNQW/ref=zg_bs_kitchen_89?_encoding=UTF8&psc=1&refRID=JG7N9AH66K0S73FBEERK
88,アイリスオーヤマ カラーボックス 3段 簡単組立 工具不要 幅41.5×奥行29×高さ88㎝ ナチュラルホ…,https://www.amazon.co.jp/%E3%80%90%E3%82%BB%E3%83%83%E3%83%88%E8%B2%B7%E3%81%84%E3%80%91%E3%83%96%E3%83%A9%E3%82%A6%E3%83%B3-%E3%82%B7%E3%83%AA%E3%83%BC%E3%82%BA5-5140s-%E3%83%A1%E3%83%B3%E3%82%BA%E3%82%B7%E3%82%A7%E3%83%BC%E3%83%90%E3%83%BC-%E3%82%B7%E3%82%A7%E3%83%BC%E3%83%90%E3%83%BC%E6%9B%BF%E5%88%83/dp/B08KJSGKC1/ref=zg_bs_kitchen_90?_encoding=UTF8&psc=1&refRID=JG7N9AH66K0S73FBEERK
89,【セット買い】ブラウン シリーズ5 5140s メンズシェーバー & シェーバー替刃,https://www.amazon.co.jp/%E3%82%B7%E3%82%B9%E3%83%86%E3%83%A0K-%E3%82%AB%E3%83%BC%E3%83%9A%E3%83%83%E3%83%88-%E9%81%B8%E3%81%B9%E3%82%8B14%E8%89%B2-%E3%81%B5%E3%82%8F%E3%81%B5%E3%82%8F%E8%82%8C%E8%A7%A6%E3%82%8A-130%C3%97185cm/dp/B08K39R6VH/ref=zg_bs_kitchen_91?_encoding=UTF8&psc=1&refRID=JG7N9AH66K0S73FBEERK
90,システムK カーペット ラグ ラグマット 防ダニ 抗菌 防臭 洗える 選べる14色 ふわふわ肌触り カフ…,https://www.amazon.co.jp/%E3%80%90Amazon-co-jp-%E9%99%90%E5%AE%9A%E3%80%91%E3%83%96%E3%83%A9%E3%82%A6%E3%83%B3-%E3%83%A1%E3%83%B3%E3%82%BA%E9%9B%BB%E6%B0%97%E3%82%B7%E3%82%A7%E3%83%BC%E3%83%90%E3%83%BC-3010s-%E3%81%8A%E9%A2%A8%E5%91%82%E5%89%83%E3%82%8A%E5%8F%AF/dp/B01B5JCT4E/ref=zg_bs_kitchen_92?_encoding=UTF8&psc=1&refRID=JG7N9AH66K0S73FBEERK
91,ブラウン メンズ電気シェーバー シリーズ3 3010s 3枚刃 水洗い/お風呂剃り可,https://www.amazon.co.jp/%E3%82%A2%E3%82%A4%E3%83%AA%E3%82%B9%E3%82%AA%E3%83%BC%E3%83%A4%E3%83%9E-%E9%9D%99%E9%9B%BB%E3%83%A2%E3%83%83%E3%83%97%E3%83%BB%E3%82%B9%E3%82%BF%E3%83%B3%E3%83%89%E4%BB%98%E3%81%8D-LED%E3%83%A9%E3%82%A4%E3%83%88%E4%BB%98%E3%83%91%E3%83%AF%E3%83%BC%E3%83%98%E3%83%83%E3%83%89-%E3%83%80%E3%82%B9%E3%83%88%E3%82%AB%E3%83%83%E3%83%97%E4%B8%B8%E6%B4%97%E3%81%84OK-IC-SLDCP10-R/dp/B0856B39L9/ref=zg_bs_kitchen_93?_encoding=UTF8&psc=1&refRID=JG7N9AH66K0S73FBEERK
92,アイリスオーヤマ 掃除機 コードレス サイクロン スティッククリーナー 静電モップ・スタンド付…,https://www.amazon.co.jp/%E3%82%B5%E3%83%BC%E3%83%A2%E3%82%B9-%E7%9C%9F%E7%A9%BA%E6%96%AD%E7%86%B1%E3%82%B1%E3%83%BC%E3%82%BF%E3%82%A4%E3%83%9E%E3%82%B0-%E3%80%90%E3%82%B9%E3%82%AF%E3%83%AA%E3%83%A5%E3%83%BC%E3%82%BF%E3%82%A4%E3%83%97%E3%80%91-JNO-252-SHP/dp/B07FND5NLM/ref=zg_bs_kitchen_94?_encoding=UTF8&psc=1&refRID=JG7N9AH66K0S73FBEERK
93,サーモス 水筒 真空断熱ケータイマグ 【スクリュータイプ】 250ml シャイニーピンク JNO-252 SHP,https://www.amazon.co.jp/%E3%80%90%E3%82%BB%E3%83%83%E3%83%88%E8%B2%B7%E3%81%84%E3%80%91%E3%82%B7%E3%83%A3%E3%83%BC%E3%83%97-%E3%83%97%E3%83%A9%E3%82%BA%E3%83%9E%E3%82%AF%E3%83%A9%E3%82%B9%E3%82%BF%E3%83%BC-IB-WX1-P-%E3%83%97%E3%83%A9%E3%82%BA%E3%83%9E%E3%82%AF%E3%83%A9%E3%82%B9%E3%82%BF%E3%83%BC%E6%90%AD%E8%BC%89-IB-GP9-R/dp/B08NJJSTWJ/ref=zg_bs_kitchen_95?_encoding=UTF8&psc=1&refRID=JG7N9AH66K0S73FBEERK
94,【セット買い】シャープ ヘアドライヤー ドレープフロー プラズマクラスター 搭載 ピンク IB-WX1…,https://www.amazon.co.jp/%E5%B1%B1%E5%96%84-%E3%82%BB%E3%83%A9%E3%83%9F%E3%83%83%E3%82%AF%E3%83%92%E3%83%BC%E3%82%BF%E3%83%BC-1200W-2%E6%AE%B5%E9%9A%8E%E5%88%87%E6%9B%BF-DF-J121/dp/B00432IP5I/ref=zg_bs_kitchen_96?_encoding=UTF8&psc=1&refRID=JG7N9AH66K0S73FBEERK
95,[山善] セラミックファンヒーター (セラミックヒーター) 暖房器具 1200W / 600W 2段階切替 DF…,https://www.amazon.co.jp/%E3%80%90%E3%82%A8%E3%83%B3%E3%83%88%E3%83%AA%E3%83%BC%E3%83%A2%E3%83%87%E3%83%AB%E3%80%91%E3%83%87%E3%83%AD%E3%83%B3%E3%82%AE-DeLonghi-%E5%85%A8%E8%87%AA%E5%8B%95%E3%82%B3%E3%83%BC%E3%83%92%E3%83%BC%E3%83%A1%E3%83%BC%E3%82%AB%E3%83%BC-%E3%83%9E%E3%82%B0%E3%83%8B%E3%83%95%E3%82%A3%E3%82%ABS-%E3%83%9F%E3%83%AB%E3%82%AF%E6%B3%A1%E7%AB%8B%E3%81%A6/dp/B088HJCVDX/ref=zg_bs_kitchen_97?_encoding=UTF8&psc=1&refRID=JG7N9AH66K0S73FBEERK
96,【エントリーモデル】デロンギ(DeLonghi) 全自動コーヒーメーカー マグニフィカS ミルク泡立て:…,https://www.amazon.co.jp/70%C3%97100cm-1%E5%B9%B4%E9%96%93%E5%93%81%E8%B3%AA%E4%BF%9D%E8%A8%BC-%E9%9D%99%E9%9B%BB%E6%B0%97%E9%98%B2%E6%AD%A2%E5%8A%A0%E5%B7%A5-%E3%83%97%E3%83%AC%E3%83%9F%E3%82%A2%E3%83%A0%E3%83%9E%E3%82%A4%E3%82%AF%E3%83%AD%E3%83%95%E3%82%A1%E3%82%A4%E3%83%90%E3%83%BC-50000606/dp/B00N3PP34M/ref=zg_bs_kitchen_98?_encoding=UTF8&psc=1&refRID=JG7N9AH66K0S73FBEERK
97,mofua (モフア) ひざ掛け 毛布 70×100cm ブラウン あったか 冬用 ブランケット モフモフ プレミ…,https://www.amazon.co.jp/%E3%82%A2%E3%82%A4%E3%83%AA%E3%82%B9%E3%83%97%E3%83%A9%E3%82%B6-%E3%82%AD%E3%83%83%E3%83%81%E3%83%B3%E3%83%AF%E3%82%B4%E3%83%B3-%E8%AA%BF%E5%91%B3%E6%96%99%E3%83%A9%E3%83%83%E3%82%AF-%E3%83%90%E3%82%B9%E3%82%B1%E3%83%83%E3%83%88%E3%83%A9%E3%83%83%E3%82%AF-%E5%A5%A5%E8%A1%8C38-5/dp/B0845BR48D/ref=zg_bs_kitchen_99?_encoding=UTF8&psc=1&refRID=JG7N9AH66K0S73FBEERK
98,アイリスプラザ キッチンワゴン 調味料ラック バスケットラック スリム 収納ワゴン 3段 幅27.3 x…,https://www.amazon.co.jp/%E3%80%90Amazon%E9%99%90%E5%AE%9A%E3%83%96%E3%83%A9%E3%83%B3%E3%83%89%E3%80%91%E3%83%9E%E3%82%B9%E3%82%AF-%E8%80%B3%E3%81%8C%E7%97%9B%E3%81%8F%E3%81%AA%E3%82%8A%E3%81%AB%E3%81%8F%E3%81%84-%E5%91%BC%E5%90%B8%E3%81%97%E3%82%84%E3%81%99%E3%81%84-%E7%B9%B0%E3%82%8A%E8%BF%94%E3%81%97%E4%BD%BF%E3%81%88%E3%82%8B-L%E3%82%B5%E3%82%A4%E3%82%BA4%E6%9E%9A%E7%B5%84/dp/B08F7CZGJX/ref=zg_bs_kitchen_100?_encoding=UTF8&psc=1&refRID=JG7N9AH66K0S73FBEERK
